interaction,total_interactions,unique_users,unique_items,user_mean,user_std,user_min,user_25%,user_50%,user_75%,user_max,item_mean,item_std,item_min,item_25%,item_50%,item_75%,item_max
likes,881456,8283,181304,106.41748158879633,209.32560793242519,1.0,10.0,44.0,124.0,8697.0,4.861757048934386,15.249269051601583,1.0,1.0,1.0,3.0,831.0
listens,46467212,9238,877168,5030.0077938947825,5520.145409550636,6.0,937.25,3023.5,7182.0,27617.0,52.974130383233316,382.22404508923483,1.0,1.0,3.0,12.0,41984.0
multi_event,47790449,10000,934057,4779.0449,5560.824868542962,11.0,687.0,2653.5,6856.5,27699.0,51.1643818310874,379.0353542601522,1.0,1.0,3.0,12.0,42960.0
dislikes,107776,5951,53413,18.110569652159302,91.72919702811828,1.0,2.0,4.0,10.0,2988.0,2.0177859322636813,3.25846547199201,1.0,1.0,1.0,2.0,170.0
unlikes,312972,6406,117953,48.85607243209491,143.02593362434357,1.0,5.0,14.0,42.0,5647.0,2.653361932295067,4.570660648745148,1.0,1.0,1.0,2.0,144.0
undislikes,21033,2911,15399,7.225352112676056,25.113913457399136,1.0,1.0,3.0,7.0,864.0,1.3658679135008767,1.150927052691311,1.0,1.0,1.0,1.0,21.0
total_all_interactions,95580898,10000,934057,,,,,,,,,,,,,,
